aaronabba+abbe+abbey+abbie+abbot+abbott+abby+abdel+abdulabel+abelard+abeu+abey+abie+abner+abraham+abrahan+abram+abramo+abranadair+adam+adamo+adams+adan+addie+addison+addyadelbert+adham+adlai+adleradolf+adolph+adolphe+adolpho+adolphus+adrian+adriano+adrien+agosto+aguie+aguistin+aguste+agustin+aharon+ahmad+ahmed+ailbert+akim+akselalain+alair+alan+aland+alano+alanson+alard+alaric+alasdair+alastair+alasteir+alaster+alberik+albert+alberto+albie+albrecht+alden+aldin+aldis+aldo+aldon+aldous+aldric+aldrich+aldridge+aldus+aldwin+alec+alejandro+alejoa+aleksandr+alessandro+alex+alexander+alexandr+alexandre+alexandro+alexandros+alexei+alexio+alexisalfie+alfons+alfonse+alfonso+alford+alfred+alfredo+alfy+algernonalic+alick+alisander+alistair+alister+alix+allan+allard+allayne+allen+alley+alleyn+allie+allin+allister+allistir+allyn+aloin+alon+alonso+alonzo+aloysius+alphard+alphonse+alphonso+alric+aluin+aluino+alva+alvan+alvie+alvin+alvis+alvy+alwin+alwyn+alyosha+amble+ambros+ambrose+ambrosi+ambrosio+ambrosius+amby+amerigo+amery+amory+amos+anatol+anatole+anatollo+ancell+anders+anderson+andie+andonis+andras+andre+andrea+andreas+andrej+andres+andrew+andrey+andris+andros+andrus+andy+ange+angel+angeli+angelico+angelo+angie+angus+ansel+ansell+anselm+anson+anthony+antin+antoine+anton+antone+antoni+antonin+antonino+antonio+antonius+antons+antonyara+araldo+arch+archaimbaud+archambault+archer+archibald+archibaldo+archibold+archie+archy+arelarie+ariel+arin+ario+aristotle+arlan+arlen+arley+arlin+arman+armand+armando+armin+armstrong+arnaldo+arne+arney+arni+arnie+arnold+arnoldo+arnuad+arny+aron+arri+arronartair+arte+artemas+artemis+artemus+arther+arthur+artie+artur+arturo+artus+artyarvie+arvin+arvyaseashbey+ashby+asher+ashley+ashlin+ashton+aube+auberon+aubert+aubrey+augie+august+augustin+augustine+augusto+augustus+augy+aurthur+austen+austinaverell+averil+averill+avery+avictor+avigdor+avram+avrom+axaxel+aylmar+aylmer+aymer+bail+bailey+bailie+baillie+baily+baird+bald+balduin+baldwin+balebancroft+bank+bankybarbabas+barclay+bard+barde+barn+barnabas+barnabe+barnaby+barnard+barnebas+barnett+barney+barnie+barny+baron+barr+barret+barrett+barri+barrie+barris+barron+barry+bart+bartel+barth+barthel+bartholemy+bartholomeo+bartholomeus+bartholomew+bartie+bartlet+bartlett+bartolemo+bartolomeo+barton+bartram+barty+bary+baryram+base+basil+basile+basilio+basilius+bastian+bastienbatholomew+baudoinbaxie+baxter+baxybayard+beale+bealle+bear+bearnard+beau+beaufort+beauregard+beck+beltranbendick+bendicty+bendix+benedetto+benedick+benedict+benedicto+benedikt+bengt+beniamino+benito+benjamen+benjamin+benji+benjie+benjy+benn+bennett+bennie+benny+benoit+benson+bent+bentlee+bentley+benton+benyaminberk+berke+berkeley+berkie+berkley+berkly+berky+bern+bernard+bernardo+bernarr+berne+bernhard+bernie+berny+bert+berti+bertie+berton+bertram+bertrand+bertrando+bertybevan+bevin+bevonbill+billie+billy+bing+bink+binky+birch+birk+biron+bjorn+blaine+blair+blake+blane+blayne+bobobbie+bobby+bogart+bogey+boigie+bond+bondie+bondon+bondy+bone+boniface+boone+boonie+boony+boot+boote+booth+boothe+bord+borden+bordie+bordy+borg+boris+bourke+bowieboyce+boycey+boycie+boyd+brad+bradan+brade+braden+bradford+bradley+bradly+bradney+brady+bram+bran+brand+branden+brander+brandon+brandtr+brandy+brandyn+brannon+brant+brantley+bren+brendan+brenden+brendin+brendis+brendon+brennan+brennen+brent+bret+brett+brew+brewer+brewster+brian+briano+briant+brice+brien+brig+brigg+briggs+brigham+brion+brit+britt+brnaba+brnaby+brock+brockie+brocky+brod+broddie+broddy+broderic+broderick+brodie+brody+brok+bron+bronnie+bronny+bronson+brook+brooke+brooks+brose+bruce+brucie+bruis+bruno+bryan+bryant+bryanty+bryce+bryn+bryon+buck+buckie+buckybudd+buddie+buddy+buiron+burch+burg+burgess+burk+burke+burl+burlie+burnaby+burnard+burr+burt+burtie+burton+burty+butch+byram+byran+byrann+byrle+byrom+byroncaddric+caesarcaldwell+cale+caleb+calhoun+callean+calv+calvincameron+camey+cammycarce+care+carey+carl+carleton+carlie+carlin+carling+carlo+carlos+carly+carlyle+carmine+carney+carny+carolus+carr+carrol+carroll+carson+cart+carter+carver+cary+caryl+casar+case+casey+cash+caspar+casper+cass+cassie+cassiuscazzie+cchaddie+cece+cecil+cecilio+ceciliuscedric+cello+cesar+cesare+cesaro+chad+chadd+chaddie+chaddy+chadwick+chaim+chalmers+chan+chance+chancey+chandler+chane+chariot+charles+charley+charlie+charlton+chas+chase+chaunce+chaunceychen+ches+chester+cheston+chet+chev+chevalier+chevy+chic+chick+chickie+chicky+chico+chilton+chip+chris+chrisse+chrissie+chrissy+christian+christiano+christie+christoffer+christoforo+christoper+christoph+christophe+christopher+christophorus+christos+christy+chrisy+chrotoem+chucho+chuck+cirillo+cirilo+ciro+claiborn+claiborne+clair+claire+clarance+clare+clarence+clark+clarke+claudell+claudian+claudianus+claudio+claudius+claus+clay+clayborn+clayborne+claybourne+clayson+clayton+cleavland+clem+clemens+clement+clemente+clementius+clemmie+clemmy+cleon+clerc+cletis+cletus+cleve+cleveland+clevey+clevie+cliff+clifford+clim+clint+cliveclyde+clyve+clywdcobb+cobbie+cobby+codi+codie+cody+cointon+colan+colas+colby+cole+coleman+colet+colin+collin+colman+colverconan+conant+conn+conney+connie+connor+conny+conrad+conrade+conrado+conroy+consalve+constantin+constantine+constantino+conway+coop+cooper+corbet+corbett+corbie+corbin+corby+cord+cordell+cordie+cordy+corey+cori+cornall+cornelius+cornell+corney+cornie+corny+correy+corrie+cort+cortie+corty+corycosimo+cosme+cosmo+costa+court+courtnay+courtney+cozmo+craggie+craggy+craig+crawford+creigh+creight+creighton+crichton+cris+cristian+cristiano+cristobal+crosby+cross+cull+cullan+cullen+culley+cullie+cullin+cully+culver+curcio+curr+curran+currey+currie+curry+curt+curtice+curtiscyril+cyrill+cyrille+cyrillus+cyrus+d'arcy+daeldagnydale+dalis+dall+dallas+dalli+dallis+dallon+dalston+dalt+dalton+dame+damian+damiano+damien+damondana+dane+dani+danie+daniel+dannel+dannie+danny+dante+danyadarb+darbee+darby+darcy+dare+daren+darill+darin+dario+darius+darn+darnall+darnell+daron+darrel+darrell+darren+darrick+darrin+darryl+darwin+daryl+daryledave+daven+davey+david+davidde+davide+davidson+davie+davin+davis+davon+davy+de witt+dean+deane+decca+deckdelainey+delaney+delano+delbert+dell+delmar+delmer+delmor+delmore+demetre+demetri+demetris+demetrius+demottdene+denis+dennet+denney+dennie+dennis+dennison+denny+denver+denysderby+derek+derick+derk+dermot+derrek+derrick+derrik+derril+derron+derry+derward+derwindesi+desmond+desmunddevin+devland+devlen+devlin+devydewain+dewey+dewie+dewittdexter+diarmid+dick+dickie+dicky+diego+dieter+dietrich+dilan+dill+dillie+dillon+dilly+dimitri+dimitry+dino+dion+dionisio+dionysus+dirk+dmitri+dolf+dolphdomenic+domenico+domingo+dominic+dominick+dominik+dominiquedonal+donall+donalt+donaugh+donavon+donn+donnell+donnie+donny+donovan+dore+dorey+dorian+dorie+dory+doug+dougie+douglas+douglass+dougydoy+doyle+drake+drewdrud+drugi+duanedudley+duff+duffie+duffy+dugald+duke+dukey+dukie+dukydunc+duncan+dunn+dunstandurand+durant+durante+durward+dwain+dwayne+dwight+dylan+eadmundeamon+earl+earle+earlie+early+earvineben+ebeneser+ebenezer+eberhard+ebertoedaneddie+eddy+edgar+edgard+edgardo+edik+edlin+edmon+edmund+edouard+edsel+eduard+eduardo+eduino+edvard+edward+edwin+efrem+efren+egan+egbert+egon+egorelbert+elden+eldin+eldon+eldredge+eldridgeelia+elias+elihu+elijah+eliot+elisha+ellary+ellerey+ellery+elliot+elliott+ellis+ellswerth+ellsworth+ellwood+elmer+elmo+elmore+elnar+elroy+elston+elsworth+elton+elvin+elvis+elvyn+elwin+elwood+elwynem+emanuel+emanuele+emelen+emerson+emery+emile+emilio+emlen+emlyn+emmanuel+emmerich+emmery+emmet+emmett+emmit+emmott+emmy+emory+engelbert+englebert+ennis+enoch+enos+enrico+enrique+ephraim+ephrayim+ephrem+erasmus+erastus+erek+erhard+erhart+eric+erich+erick+erie+erik+erinermanno+ermin+ernest+ernesto+ernestus+ernie+ernst+erny+errick+errol+erroll+erskineervin+erwin+esdras+esme+esra+esteban+estevan+etan+ethan+ethe+ethelbert+ethelred+etienne+ettore+euell+eugen+eugene+eugenio+eugenius+eustaceevan+evelin+evelyn+even+everard+evered+everett+evin+evyn+ewan+eward+ewart+ewell+ewen+ezechiel+ezekiel+ezequiel+eziechiele+ezra+ezri+fabe+faber+fabian+fabiano+fabien+fabio+fair+fairfax+fairleigh+fairlie+falito+falknerfarlay+farlee+farleigh+farley+farlie+farly+farr+farrel+farrell+farris+faulknerfedericofelic+felice+felicio+felike+feliks+felipe+felix+felizio+feodor+ferd+ferdie+ferdinand+ferdy+fergus+ferguson+fernando+ferrel+ferrell+ferris+fidel+fidelio+fidole+field+fielding+fields+filbert+filberte+filberto+filip+filippo+filmer+filmorefindlay+findley+finlay+finley+finn+fitz+fitzgerald+flem+fleming+flemming+fletch+fletcher+flin+flinn+flint+florian+flory+floyd+flynn+fons+fonsie+fonz+fonzie+forbes+ford+forest+forester+forrest+forrester+forster+foss+foster+fowler+fran+francesco+franchot+francis+francisco+franciskus+francklin+francklyn+francois+frank+frankie+franklin+franklyn+franky+frannie+franny+frans+fransisco+frants+franz+franzen+frasco+fraser+frasier+frasquito+fraze+frazer+frazier+fred+freddie+freddy+fredek+frederic+frederich+frederick+frederico+frederigo+frederik+fredric+fredrick+free+freedman+freeland+freeman+freemon+fremont+friedrich+friedrick+fritz+fulton+gabbie+gabby+gabe+gabi+gabie+gabriel+gabriele+gabriello+gaby+gael+gaelan+gage+gail+gailegale+galen+gallagher+gallard+galvan+galven+galvin+gamalielgannie+gannon+gannygarald+gard+gardener+gardie+gardiner+gardner+gardy+gare+garek+gareth+garey+garfield+garik+garner+garold+garrard+garrek+garret+garreth+garrett+garrick+garrik+garrot+garrott+garry+garth+garv+garvey+garvin+garvy+garwin+garwood+gary+gaspar+gaspard+gasparo+gasper+gaston+gaultiero+gauthiergavan+gaven+gavin+gawain+gawengayelord+gayle+gayler+gaylor+gaylord+gearalt+gearard+gene+geno+geoff+geoffrey+geoffry+georas+geordie+georg+george+georges+georgi+georgie+georgy+gerald+gerard+gerardo+gerek+gerhard+gerhardt+geri+gerick+gerik+germain+germaine+germayne+gerome+gerrard+gerri+gerrie+gerry+gery+gherardo+giacobo+giacomo+giacopo+gian+gianni+giavanigibb+gibbie+gibby+gideon+giff+giffard+giffer+giffie+gifford+giffygilbert+gilberto+gilburt+giles+gill+gilles+ginger+gino+giordano+giorgi+giorgio+giovanni+giraldo+giraud+giselbert+giulio+giuseppe+giustino+giusto+glen+glenden+glendon+glenn+glyn+glynn+godard+godart+goddard+goddart+godfree+godfrey+godfry+godwin+gonzales+gonzalo+goober+goran+goraud+gordan+gorden+gordie+gordon+gordy+gothart+gottfried+grace+gradeigh+gradey+grady+graehme+graeme+graham+graig+gram+gran+grange+granger+grannie+granny+grant+grantham+granthem+grantley+granville+gray+greg+gregg+greggory+gregoire+gregoor+gregor+gregorio+gregorius+gregory+grenville+griff+griffie+griffin+griffith+griffy+gris+griswold+griz+grove+grover+gualterio+guglielmo+guido+guilbert+guillaume+guillermogunar+gunner+guntar+gunter+guntherguss+gustaf+gustav+gustave+gustavo+gustavus+guthrey+guthrie+guthryhad+hadlee+hadleigh+hadley+hadrian+hagan+hagen+hailey+haily+hakeem+hakimhale+haleigh+haley+hall+hallsy+halsey+halsyhamel+hamid+hamil+hamilton+hamish+hamlen+hamlin+hammad+hamnet+hanan+hank+hans+hansiain+hanson+harald+harbert+harcourt+hardy+harlan+harland+harlen+harley+harlin+harman+harmon+harold+haroun+harp+harper+harris+harrison+harry+hart+hartley+hartwell+harv+harvey+harwell+harwilll+hasheem+hashim+haskel+haskell+haslett+hastie+hastings+hasty+haven+hayden+haydon+hayes+hayward+haywood+hayyim+haze+hazel+hazlett+heall+heath+hebert+hector+heindrick+heinrick+heinrik+henderson+hendrick+hendrik+henri+henrik+henry+herb+herbert+herbie+herby+herc+hercule+hercules+herculie+heriberto+herman+hermann+hermie+hermon+hermy+hernando+herold+herrick+hersch+herschel+hersh+hershel+herve+herveyhewe+hewet+hewett+hewie+hewitt+heywoodhieronymus+hilario+hilarius+hilary+hill+hillard+hillary+hillel+hillery+hilliard+hillie+hillier+hilly+hillyer+hilton+hinze+hiram+hirsch+hobard+hobart+hobey+hobie+hodge+hoebart+hogan+holden+hollis+holly+holmes+holt+homer+homere+homerus+horace+horacio+horatio+horatius+horst+hort+horten+horton+howard+howey+howie+hoyt+hube+hubert+huberto+hubey+hubie+huey+hugh+hughie+hugibert+hugo+hugues+humbert+humberto+humfrey+humfrid+humfried+humphrey+hunfredo+hunt+hunter+huntington+huntlee+huntley+hurlee+hurleigh+hurley+husain+husein+husseinhyatt+hyman+hymie+iago+iainibrahim+ichabod+iggie+iggy+ignace+ignacio+ignacius+ignatius+ignaz+ignazio+igorikey+ilaire+ilario+immanuel+ingamar+ingar+ingelbert+ingemar+inger+inglebert+inglis+ingmar+ingra+ingram+ingrim+inigo+inness+innis+iorgo+iorgos+iosepirv+irvin+irvine+irving+irwin+irwinnisaac+isaak+isac+isacco+isador+isadore+isaiah+isak+isiahi+isidor+isidore+isidoro+isidro+israel+issiah+itch+ivan+ivariver+ives+ivor+izaak+izak+izzy+jabez+jack+jackie+jackson+jacky+jacob+jacobo+jacquesjaime+jaimie+jake+jakie+jakob+jamaal+jamal+james+jameson+jamesy+jamey+jamie+jamil+jamill+jamison+jammaljanek+janos+jarad+jard+jareb+jared+jarib+jarid+jarrad+jarred+jarret+jarrett+jarrid+jarrod+jarvis+jase+jasen+jason+jasper+jasun+javierjaye+jayme+jaymie+jayson+jdavie+jean+jechojedd+jeddy+jedediah+jedidiah+jeff+jefferey+jefferson+jeffie+jeffrey+jeffry+jeffy+jehu+jeno+jens+jephthah+jerad+jerald+jeramey+jeramie+jere+jereme+jeremiah+jeremias+jeremie+jeremy+jermain+jermaine+jermayne+jerome+jeromy+jerri+jerrie+jerrold+jerrome+jerry+jervis+jess+jesse+jessee+jessey+jessie+jesus+jeth+jethrojimmie+jimmyjoachim+joaquinjock+jocko+jodi+jodie+jodyjoel+joey+johan+johann+johannes+john+johnathan+johnathon+johnnie+johnny+johnyjonah+jonas+jonathan+jonathon+jone+jordan+jordon+jorgan+jorge+jory+jose+joseito+joseph+josh+joshia+joshua+joshuah+josiah+josias+jourdain+jozef+juanjudah+judas+judd+jude+judon+jule+jules+julian+julie+julio+julius+justen+justin+justinian+justino+justis+justus+kahaleel+kahlil+kain+kaine+kaiser+kale+kaleb+kalil+kalle+kalvin+kane+kareem+karel+karim+karl+karlan+karlens+karlik+karlis+karney+karoly+kaspar+kasper+kayne+kean+keane+kearney+keary+keefe+keefer+keelby+keen+keenan+keene+keir+keith+kelbee+kelby+kele+kellby+kellen+kelley+kelly+kelsey+kelvin+kelwinkendal+kendall+kendell+kendrick+kendricks+kenn+kennan+kennedy+kenneth+kennett+kennie+kennith+kenny+kenon+kent+kenton+kenyonkerby+kerk+kermie+kermit+kermy+kerr+kerry+kerwin+kerwinnkevan+keven+kevin+kevon+khalil+kiel+kienan+kile+kiley+kilian+killian+killie+killykimball+kimbell+kimblekincaid+king+kingsley+kingsly+kingston+kinnie+kinny+kinsleykipp+kippar+kipper+kippie+kippy+kirby+kirkklaus+klemens+klement+kleon+kliment+knox+koenraad+konrad+konstantin+konstantine+korey+kort+kory+kris+krisha+krishna+krishnah+krispin+kristian+kristo+kristofer+kristoffer+kristofor+kristoforo+kristopher+kristos+kurt+kurtiskyle+kylie+laird+lalo+lamar+lambert+lammond+lamond+lamont+lance+lancelot+land+lane+laney+langsdon+langston+lanie+lannie+lanny+larry+lars+laughton+launce+lauren+laurence+laurens+laurent+laurie+lauritzlawrence+lawry+lawtonlayton+lazar+lazare+lazaro+lazarusleeland+lefty+leicester+leif+leigh+leightonlelandlemar+lemmie+lemmy+lemuel+lenard+lenci+lennard+lennieleon+leonard+leonardo+leonerd+leonhard+leonid+leonidas+leopold+leroi+leroylesley+leslie+lester+leupoldlevey+levi+levin+levon+levylewes+lewie+lewiss+lezley+liam+lieflinc+lincoln+lind+lindon+lindsay+lindsey+lindy+link+linn+linoel+linus+lion+lionel+lionello+lisle+llewellyn+lloyd+llywellyn+lock+locke+lockwood+lodovico+logan+lombardlonnard+lonnie+lonny+lorant+loren+lorens+lorenzo+lorin+lorne+lorrie+lorry+lothaire+lothariolouie+louis+lovell+lowe+lowell+lowranceloydie+luca+lucais+lucas+luce+lucho+lucian+luciano+lucias+lucien+lucio+lucius+ludovico+ludvig+ludwig+luigi+luis+lukas+luke+lutero+lutherlydon+lyell+lyle+lymanlynn+lyonmace+mack+mackenzie+maddie+maddy+madison+magnum+mahmoud+mahmud+maison+maje+majormalachi+malchy+malcolm+mallory+malvinmandel+manfred+mannie+manny+mano+manolo+manuelmarc+marcel+marcello+marcellus+marcelo+marchall+marco+marcos+marcus+marijn+mario+marion+marius+mark+markos+markus+marlin+marlo+marlon+marlow+marlowe+marmaduke+marsh+marshal+marshall+mart+martainn+marten+martie+martin+martino+marty+martyn+marv+marve+marven+marvin+marwin+mason+massimiliano+massimo+mata+mateo+mathe+mathew+mathian+mathias+matias+matt+matteo+matthaeus+mattheus+matthew+matthias+matthieu+matthiew+matthus+mattias+mattie+matty+maurice+mauricio+maurie+maurise+maurits+maurizio+maurymaxie+maxim+maximilian+maximilianus+maximilien+maximo+maxwell+maxy+mayer+maynard+mayne+maynord+mayor+mead+meade+meier+meirmelvin+melvyn+menard+mendel+mendie+mendy+meredeth+meredith+merell+merill+merle+merrel+merrick+merrill+merry+merv+mervin+merwin+merwyn+meryl+meyermicah+michael+michail+michal+michale+micheal+micheil+michel+michele+mick+mickey+mickie+micky+miguel+mikael+mike+mikel+mikey+mikkel+mikol+mile+miles+mill+millard+miller+milo+milt+miltie+milton+milty+miner+minor+mischa+mitch+mitchael+mitchel+mitchellmohammed+mohandas+mohandis+moise+moises+moishe+monro+monroe+montague+monte+montgomery+monti+monty+moore+mord+mordecai+mordy+morey+morgan+morgen+morgun+morie+moritz+morlee+morley+morly+morrie+morris+morry+morse+mort+morten+mortie+mortimer+morton+morty+mose+moses+moshe+moss+mozes+muffin+muhammad+munmro+munroe+murdoch+murdock+murray+murry+murvynmyca+mycah+mychal+myer+myles+mylo+myron+myrvyn+myrwyn+nahumnapoleon+nappie+nappynatal+natale+nataniel+nate+nathan+nathanael+nathanial+nathaniel+nathanil+natty+neal+neale+neall+nealon+nealson+nealyneddie+neddy+neel+nefen+nehemiah+neil+neill+neils+nels+nelson+nero+neron+nester+nestornevil+nevile+neville+nevin+nevins+newton+nial+niall+niccolo+nicholas+nichole+nichols+nick+nickey+nickie+nicko+nickola+nickolai+nickolas+nickolaus+nicky+nico+nicol+nicola+nicolai+nicolais+nicolas+nicolis+niel+niels+nigel+niki+nikita+nikki+niko+nikola+nikolai+nikolaos+nikolas+nikolaus+nikolos+nikosniles+nils+nilson+niven+noach+noah+noak+noam+nobe+nobie+noble+nobynoel+nolan+noland+noll+nollie+nolly+norbert+norbie+norby+norman+normand+normie+normy+norrie+norris+norry+north+northrop+northrup+norton+nowelloates+obadiah+obadias+obed+obediah+oberon+obidiah+obieoctaviusodell+odey+odieody+ogdan+ogden+ogdon+olag+olavolenolin+olin+oliver+olivero+olivier+oliviero+ollie+olly+olvan+omar+omero+onfre+onfroi+onofredo+oran+orazio+orbadiah+oren+orin+orion+orlan+orland+orlando+orran+orren+orrin+orson+ortonorville+osbert+osborn+osborne+osbourn+osbourne+osgood+osmond+osmund+ossie+oswald+oswell+otes+othello+otho+otis+otto+owen+ozzie+ozzy+pablo+pace+packston+paco+pacorro+paddie+paddy+padget+padgett+padraic+padraig+padriac+page+paige+pail+pall+palm+palmer+panchito+pancho+paolo+papageno+paquito+park+parke+parker+parnell+parrnell+parry+parsifal+pascal+pascale+pasqualepate+paten+patin+paton+patric+patrice+patricio+patrick+patrizio+patrizius+patsy+patten+pattie+pattin+patton+patty+paul+paulie+paulo+pauly+pavel+pavlov+paxon+paxton+payton+peadar+pearce+pebrook+peder+pedro+peirce+pembrokepenn+pennie+penny+penrod+pepe+pepillo+pepito+perceval+percival+percy+perice+perkin+pernell+perren+perry+pete+peter+peterus+petey+petr+peyter+peyton+phil+philbert+philip+phillip+phillipe+phillipp+phineas+phip+pierce+pierre+pierson+pieter+pietrek+pietro+piggy+pincas+pinchas+pincus+piotrpippo+pooh+port+porter+portie+porty+poul+powell+pren+prent+prentice+prentiss+prescott+preston+price+prince+prinz+pryce+puff+purcell+putnam+putnem+pyotr+quent+quentin+quill+quillan+quincey+quincy+quinlan+quinn+quint+quintin+quinton+quintusrabbi+rabiradcliffe+raddie+raddy+rafael+rafaellle+rafaello+rafe+raff+raffaello+raffarty+rafferty+rafi+ragnar+raimondo+raimund+raimundo+rainer+raleigh+ralf+ralphramon+ramsay+ramsey+rance+rancell+rand+randal+randall+randell+randi+randie+randolf+randolph+randy+ransell+ransom+raoul+raphael+raul+ravi+ravid+raviv+rawleyraymond+raymund+raynard+rayner+raynor+read+reade+reagan+reagen+reamonnredd+redford+reece+reed+rees+reeseregan+regen+reggie+reggis+reggy+reginald+reginauld+reid+reidar+reider+reilly+reinald+reinaldo+reinaldos+reinhard+reinhold+reinold+reinwaldremington+remus+renado+renaldo+renard+renato+renaud+renault+rene+reube+reuben+reuvenrey+reynard+reynold+reynolds+rhett+rhysricard+ricardo+riccardo+rice+rich+richard+richardo+richart+richie+richmond+richmound+richy+rick+rickard+rickert+rickey+ricki+rickie+ricky+ricorikirikki+riley+rinaldo+ring+ringo+riobard+riordanripley+ritchie+roarkerobb+robbert+robbie+robby+robers+robert+roberto+robin+robinet+robinson+rochester+rock+rockey+rockie+rockwell+rockyrodd+roddie+roddy+roderic+roderich+roderick+roderigo+rodge+rodger+rodney+rodolfo+rodolph+rodolphe+rodrick+rodrigo+rodriqueroger+rogerio+rogersroland+rolando+roldan+roley+rolf+rolfe+rolland+rollie+rollin+rollins+rollo+rolph+roma+romain+roman+romeoronald+ronnie+ronny+rooney+roosevelt+rorke+rory+rosco+roscoe+ross+rossie+rossy+roth+rourke+rouvin+rowan+rowen+rowland+rowneyroyal+royall+royce+rriocard+rube+ruben+rubin+ruby+rudd+ruddie+ruddy+rudie+rudiger+rudolf+rudolfo+rudolph+rudy+rudyard+rufe+rufus+ruggiero+rupert+ruperto+ruprecht+rurik+russ+russell+rustie+rustin+rusty+rutger+rutherford+rutledge+rutter+ruttgerryan+ryley+ryon+ryunsaleem+salem+salim+salmon+salomo+salomon+salomone+salvador+salvatore+salvidorsammie+sammy+sampson+samson+samuel+samuele+sancho+sander+sanders+sanderson+sandor+sandro+sandy+sanford+sanson+sansone+sarge+sargent+sascha+sasha+saul+sauncho+saunder+saunders+saunderson+saundra+sauveursawyer+sawyeresaxe+saxonsayer+sayers+sayre+sayres+scarface+schuyler+scot+scott+scotti+scottie+scotty+seamus+sean+sebastian+sebastiano+sebastienselby+selig+serge+sergeant+sergei+sergent+sergio+seth+seumas+seward+seymour+shadow+shae+shaine+shalom+shamus+shanan+shane+shannan+shannon+shaughn+shaun+shaw+shawn+shay+shayne+shea+sheff+sheffie+sheffield+sheffy+shelby+shelden+shell+shelley+shelton+shem+shep+shepard+shepherd+sheppard+shepperd+sheridan+sherlock+sherlocke+sherm+sherman+shermie+shermy+sherwin+sherwood+sherwynd+sholom+shurlock+shurlocke+shurwoodsibylsidnee+sidney+siegfried+siffresigfrid+sigfried+sigismond+sigismondo+sigismund+sigismundo+sigmund+sigvard+silas+silvain+silvan+silvano+silvanus+silvester+silviosimeon+simmonds+simon+simone+sinclair+sinclare+siward+skell+skelly+skip+skipp+skipper+skippie+skippy+skiptonskye+skylar+skyler+slade+sloan+sloanesmith+smittysollie+solly+solomon+somersetsonnie+sonny+spence+spencer+spense+spenser+spike+stacee+stacy+staffard+stafford+staford+stan+standford+stanfield+stanford+stanislas+stanislaus+stanislaw+stanleigh+stanley+stanly+stanton+stanwood+stavro+stavros+stearn+stearne+stefan+stefano+steffen+stephan+stephanus+stephen+sterling+stern+sterne+steve+steven+stevie+stevy+steward+stewart+stillman+stillmann+stinky+stirlingstuart+sullivan+sully+sumner+sunny+sutherlan+sutherland+sutton+sven+svend+swensydney+sylas+sylvan+sylvester+syman+symontabb+tabbie+tabby+taber+tabortadd+taddeo+taddeusz+tadeas+tadeo+tades+tadio+tailor+tait+taite+talbert+talbot+tallie+tallytamas+tammie+tammytann+tanner+tanney+tannie+tanny+tarrance+tate+taylor+teadortedd+teddie+teddy+tedie+tedman+tedmund+temp+temple+templeton+teodoor+teodor+teodorico+teodoro+terence+terencio+terrance+terrel+terrell+terrence+terri+terrill+terry+thacher+thaddeus+thaddus+thadeus+thain+thaine+thane+thatch+thatcher+thaxter+thayne+thebault+thedric+thedrick+theo+theobald+theodor+theodore+theodoric+thibaud+thibaut+thom+thoma+thomas+thor+thorin+thorn+thorndike+thornie+thornton+thorny+thorpe+thorstein+thorsten+thorvald+thurstan+thurston+tibold+tiebold+tiebout+tilertimmie+timmy+timofei+timoteo+timothee+timotheus+timothy+tirrell+tito+titos+titus+tobe+tobiah+tobias+tobie+tobin+tobit+tobytodd+toddie+toddy+toiboidtomas+tomaso+tome+tomkin+tomlin+tommie+tommy+tonnie+tony+tore+torey+torin+torr+torrance+torre+torrence+torrey+torrin+torry+town+towney+townie+townsend+towny+trace+tracey+tracie+tracy+traver+travers+travis+travus+trefor+tremain+tremaine+tremayne+trent+trenton+trev+trevar+trever+trevor+trey+trip+tripp+tris+tristam+tristan+troy+trstram+trueman+trumaine+truman+trumann+tuck+tucker+tuckie+tucky+tudor+tull+tulley+tully+turnertybalttyler+tymon+tymothy+tynan+tyrone+tyrus+tyson+udale+udall+udellulberto+ulick+ulises+ulric+ulrich+ulrick+ulysses+umberto+upton+urbain+urban+urbano+urbanusuriah+uriel+urson+vachel+vaclav+vailvaldemar+vale+valentijn+valentin+valentine+valentino+vallevance+vanya+vasili+vasilis+vasily+vassili+vassily+vaughan+vaughn+verge+vergil+vern+verne+vernen+verney+vernon+vernorvick+victoir+victor+vidovic+vidovikvince+vincent+vincents+vincenty+vincenz+vinnie+vinny+vinson+virge+virgie+virgil+virgilio+vite+vito+vittorio+vlad+vladamir+vladimirwade+wadsworth+wain+wainwright+wait+waite+waiter+wake+wakefield+wald+waldemar+walden+waldo+waldon+walker+wallace+wallache+wallas+wallie+wallis+wally+walsh+walt+walther+walton+wang+ward+warde+warden+ware+waring+warner+warren+wash+washingtonwaverley+waverlywaylan+wayland+waylen+waylin+waylon+waynewebb+weber+webster+weidar+weider+welbie+welby+welch+wells+welsh+wendall+wendel+wendell+werner+wernherwesley+west+westbrook+westbrooke+westleigh+westley+weston+weylin+wheeler+whit+whitaker+whitby+whitman+whitney+whittaker+wiatt+wilbert+wilbur+wilburt+wilden+wildon+wilek+wiley+wilfred+wilfrid+wilhelm+will+willard+willdon+willem+willey+willi+william+willie+willis+willy+wilmar+wilmer+wilt+wiltonwindham+winfield+winfred+winifield+winn+winnie+winny+winslow+winston+winthropwittie+witty+wolf+wolfgang+wolfie+wolfy+wood+woodie+woodman+woodrow+woody+worden+worth+worthington+worthy+wright+wyatan+wyattwyliewyndham+wynn+xavier+xenos+xerxes+xever+ximenes+ximenez+xymenes+yale+yanaton+yance+yancey+yancy+yank+yankee+yard+yardley+yehudi+yehudit+yorgo+yorgos+york+yorke+yorkeryule+yulma+yuma+yuri+yurik+yves+yvon+yvor+zaccaria+zach+zacharia+zachariah+zacharias+zacharie+zachary+zacherie+zachery+zack+zackariahzane+zaredzebadiah+zebedee+zebulen+zebulon+zechariahzedekiah+zeke+zelig+zerk+zollie+zolly